"","Player","Rating"
"1","Tera Hofmann",10
"2","Brooke Wolejko",8.62221625972637
"3","Samantha Ridgewell",8.14998658438428
"4","Carly Jackson",7.2599051963152
"5","Amanda Leveille",6.8027904480816
"6","Sonjia Shelly",5.23611483767106
"7","Elaine Chuli",4.81110812986317
"8","Lovisa Selander",3.16554869868528
"9","Abbie Ives",3.10001341561578
"10","Victoria Hanson",3.01278955370721
"11","Mariah Fujimagari",2.28333780520527
"12","Caty Flagg",0
